id_brand,brand
0,QUILQUE
1,COLUN
2,WINTER
3,CUISINE & CO
4,RECETA DEL ABUELO
5,PF
7,SOPRAVAL
8,RÍO BUENO
9,LAS PARCELAS DE VALDIVIA
10,PHILADELPHIA
11,SAN JORGE
12,LOS ALERCES
13,LA PREFERIDA
14,SOPROLE
15,SUPER POLLO
16,MONTINA
17,SCHWENCKE
18,LA MONTINA
19,SUPER CERDO
20,LLANQUIHUE
21,MATTHEI
22,GREENBAY
23,SURLAT
24,CALO
25,LOS ALPES
26,QUILLAYES
27,RIKÜ
28,BERGADER
29,LA VAQUITA
30,LA CRIANZA
31,HUILCO
32,LÁCTEOS CHAUQUÉN
33,SANTA ROSA
34,CHILLÁN
35,VALLE DEL NORTE
36,MORINGA
37,BUDAPEST
38,VEVAN
39,LOS TILOS
40,DOS CASTAÑOS
41,LÁCTEOS VALDIVIA
42,CYMSA
43,LA PIARA
44,OLIOMIO
45,GRANAROLO
46,LA CABRESA
47,CALLAQUI
48,PAHUILMO
49,PRESIDENTE
50,MAASDAMMER
51,SAN PABLO
52,ILE DE FRANCE
53,SAN BENITO
54,MISTER VEGGIE
55,VELDHUYZEN
56,VIOLIFE
57,PRESIDENT
58,RANCO
59,LATTERIA SORESINA
60,LA ROTUNDA
61,BASIRON
62,SAN RAFAEL
63,TRUJILLO
64,LA ANTIGUA JAMONERÍA
65,IDEAL
66,PANADERÍA PROPIA
67,PAN PIERRE
68,SANTA ISABEL
69,FUCHS
70,PANCHO VILLA
71,KINGSBURY
72,TÍA ROSA
73,CASTAÑO
74,CENA
75,STUTTGART FUCHS
76,PULMAHUE
77,SALMAS
78,VALENTINA
79,KUCHENMEISTER
80,MARINELA
81,LA SELECTA
82,MANKEKE
83,NUTRA BIEN
84,DEL MONTE
85,PIACCERI
86,MÁXIMA
87,LAGOS DEL SUR
88,COSTA
89,MESTEMACHER
90,NO+GLUTEN
91,DAN CAKE
92,NUTRISA
93,GRANFORNO
94,DACCARETT
95,BAKERI
96,LEIMER
97,MACRODELI
98,DOLCEZZE
99,DILICI
100,NOGLUT
101,TIKA
102,BAUDUCCO
103,CONVIDA
104,QUAKER
105,IANSA
106,SUPREMO
107,OREO
108,SELZ
109,MCKAY
110,TRENCITO
111,ARCOR
112,CLUB SOCIAL
113,MILDRED TEA
114,NESTLÉ
115,VIVO
116,MILO
117,NOT CHICKEN
118,NOT BURGER
119,FRUTOS DEL MAIPO
120,MINUTO VERDE
121,SUPER BEEF
122,SAVORY
123,KING
124,SADIA
125,TRENDY
126,CHAMONIX
127,SAHNE NUSS
128,PANDA
129,SAN FRANCISCO DE LONCOMILLA
130,ZOLE
131,TURKEY HILL
132,VIENNETTA BRESLER
133,GUALLARAUCO
134,MAGNUM
135,SABOR PERUANO
136,CARTE DOR
137,BRESLER
138,COPPELIA
139,NOT ICE CREAM
140,BRAVISSIMO
141,YOGEN FRUZ
142,ROCK
143,FIESTA
144,ITALGELATO
145,FORNO
146,TRAVERSO
147,TIVONI
148,EMUWIPES
149,NIDO
150,NESTLÉ NATURNES
151,PAMPERS
152,SIMONDS
153,BABY LEE
154,HUGGIES
155,BABYSEC
156,NESTUM
157,BABYLAND
158,AMA
159,FAMILY CARE
160,NIDAL
161,DOVE
162,NIVEA
163,SIMOND'S
164,PEPSODENT
165,BELLEKISS
166,HERBAL ESSENCES
167,AROMO
168,BALLERINA
169,LE SANCY
170,KOTEX
171,COLGATE
172,CAREFREE
173,PANTENE
174,LADYSOFT
175,LINIC
176,NOSOTRAS
177,GISELLE
178,FAMILAND
179,FRUCTIS
180,NATURELLA
181,GILLETTE
182,ELITE
183,KADUS
184,HEAD & SHOULDERS
185,BROOKS
186,SENSODYNE
187,ORAL-B
188,AQUAFRESH
189,TÍO NACHO
190,ALWAYS
191,BIO
192,REXONA CLINICAL
193,ELVIVE
194,DENTO
195,DURALÓN
196,PLENITUD
197,PROTEX
198,ORAL FRESH
199,LADY SPEED STICK
200,TRIANON
201,REXONA
202,JOHNSON & JOHNSON
203,PALMOLIVE
204,AXE
205,REXONA MEN CLINICAL
206,TENA
207,VANART
208,COTIDIAN
209,SEDAL
210,DOVE MEN
211,GARNIER
212,LISTERINE
213,SPEED STICK
214,PIELARMINA
215,BIC
216,NEUTROGENA
217,SCHICK
218,UMAI
219,REXONA MEN
220,NUTRISSE
221,ILICIT
222,VANITY
223,MILLEFIORI
224,DETTOL
225,OLD SPICE
226,LECHUGA
227,TAMPAX
228,ALONDRA
229,KADY
230,ETIQUET
231,JEAN LES PINS
232,STUDIO LINE
233,CASTING
234,NATALIE
235,HERBAL CLASSIC
236,LUBRIDERM
237,TEATRICAL
238,BIDEX
239,EXCELLENCE
240,DUO
241,VENUS
242,VEET
243,KOLESTON
244,ORIGINAL REMEDIES
245,HELLO
246,ASEPXIA
247,NIVEA MEN
248,PLAISANCE
249,PETRIZZIO
250,SWISS BEAUTY
251,BENTLEY
252,GELATTI
253,L'OREAL
254,COTOBEL
255,INGLESA 451
256,ITZY
257,PANTENE NUTRIENT BLENDS
258,GOICOECHEA
259,DOVE CLINICAL
260,CORAL
261,CICATRICURE
262,DERMO EXPERTISE
263,LE PETIT OLIVIER
264,IMAGINAIL
265,MAYBELLINE
266,MEN EXPERT
267,PREFACE
268,REVIE
269,FAITH IN NATURE
270,BÍ-O
271,EMUMED
272,MRS. MEYER´S
273,DEPILFLAX
274,GELATTI KIDS
275,WET ONES
276,MASTER CAT
277,IMEXPORTA
278,CACHUPIN
279,MASTER DOG
280,PEDIGREE
281,CHAMPION CAT
282,WHISKAS
283,CHAMPION DOG
284,SABROKAN
285,CAT CHOW
286,DOG CHOW
287,CANNES
288,CUBICAT
289,FELINNES
290,STAY HAPPY
291,FELIX
292,PET'S FUN
293,PURINA ONE
294,AILENCUTRAL ESPINO
295,BEEF MAKER
296,ALUSA
297,DROP IT
298,LA FACILITA
299,DURACELL
300,SIN MARCA
301,KREA
302,CHEAP
303,ARGOS
304,JUMBO
305,ELY
306,GLADE AUTO SPORT
307,GLADE
308,CHILEAN TRADING
309,BIOELY
310,MEGABRIGHT
311,LA GOTITA
312,PHILLIPS
313,AGUACOL
314,OSTER
315,3M
316,KLÄREN
317,WESTINGHOUSE
318,HAPPY DAYS
319,RASTOP
320,POXIPOL
321,FERRIPALDI
322,TEAM
323,KIT
324,M2
325,LITTLE TREES
326,RAYOVAC
327,NEX
328,ANASAC
329,SINDELEN
330,ENERGIZER
331,RITTIG
332,HENKELL
333,REMA
334,TANAX
335,R66
336,EL GOLFO
337,MAR VERDE
338,AQUA
339,SAN JOSÉ
340,BREDENMASTER
341,CORBAC
342,LA COMPAÑÍA
343,RANA
344,SOLO ITALIA
345,GENIAL
346,DFAB
347,NOT MILK
348,VILAY
349,ADES
350,ORASI
351,LONCOLECHE
352,VIVI COSI
353,ALMOND BREEZE
354,NATURE'S HEART
355,LIGHT & FREE
356,CINTAZUL
357,1+1 SOPROLE
358,QUALY
359,SANTA MARTA
360,OIKOS
361,CALAN
362,ASTRA
363,SUREÑA
364,YEMITA
365,SVELTY
366,CHAMYTO
367,DELINE
368,NEXT
369,SOPROLE YOGHITO
370,ARIZTÍA
371,ACTIVIA
372,CHIQUITÍN
373,CRUCINA
374,LEFERSA
375,YOGU - YOGU
376,PAMPERITA
377,MARCO POLO
378,COLLICO
379,ZEROLACTO
380,REGIMEL
381,KUMEY
382,DANONE
383,LA GRANJA
384,NESQUIK
385,OMEGA 3
386,MÁXIMA MP
387,DORINA
388,SHAKE A SHAKE LONCO LECHE
389,COPACABANA
390,WILD
391,BASE CULINAR
392,COLA CAO
393,KERRYGOLD
394,LAYS
395,LOBOS
396,TUCAPEL
397,TALLIANI
398,MONT BLANC
399,CAROZZI
400,MALLOA
401,HELLMANN'S
402,EVERCRISP
403,ROBINSON CRUSOE
404,LUCCHETTI
405,MIRAFLORES
406,KRAFT
407,MAGGI
408,CHEF
409,BANQUETE
410,NATURA
411,BELMONT
412,TRATTORIA
413,KRYZPO
414,GOURMET
415,WATT'S
416,DOÑA CLARA
417,ROYAL
418,ANGELMO
419,HELLMANN'S SUPREME
420,IMPERIAL
421,POMAROLA
422,VAN CAMP'S
423,WASIL
424,MARTINI
425,SELECTA
426,OLITALIA
427,HEINZ
428,MAIZENA
429,CAMPO LINDO
430,MILLANTÚ
431,DON JUAN
432,FRAGATA
433,LIVEAN
434,P.A.N.
435,BELLA HOLANDESA
436,SPECHT
437,EXOTIC FOOD
438,ACONCAGUA
439,HOFFMANN
440,ACT II
441,BRAVO
442,JB
443,MAMMA MIA
444,MARUCHAN
445,HELLMANN'S DELI
446,MI TIERRA
447,TERRA SANTA
448,OSO
449,HUASCO
450,IANSA AGRO
451,AMBROSOLI
452,CARICIA
453,BRAVO CREAM
454,ESMERALDA
455,CASTILLO
456,NATUREZZA
457,GRANUTS
458,TAKIS
459,VAN COOK
460,PARMALAT
461,PEARL RIVER BRIDGE
462,NOT MAYO
463,AMERICAN CLASSIC
464,PERFECT CHOICE
465,BIOSAL
466,BONANZA
467,MAZZETTI
468,MONTECRISTO
469,DOÑAREPA
470,GLORIA
471,CASA VERDE
472,BRAGG
473,MUTTI
474,GRAN AREPA
475,ALCAFOOD
476,SAMUI
477,LA FUENTE NATURAL
478,LEVAMAS
479,INKA CHIPS
480,INFERNO
481,EN LÍNEA
482,INKA CORN
483,LORENZ
484,ALACENA
485,ORGRAN
486,DAILY
487,RETRO SNACK
488,DEYCO
489,CHOVI
490,KÜHNE
491,CARMENCITA
492,COCK BRAND
493,PURIPOP
494,BRIDGE PEARL RIVER
495,ALTO LA CRUZ
496,DE LA ROSA
497,BUKA
498,RED SPOON
499,PRINGLES
500,NORY
501,VIGILANTE
502,INKA CROPS
503,MIZOS
504,HIPS
505,MANARE
506,JARDIN ANDES
507,TABASCO
508,KIKKOMAN
509,PERELLÓ
510,LA MOLISANA
511,LA COSTEÑA
512,KAZAI
513,NUCETE
514,FRUTISA
515,BABY RAYS
516,THAI
517,DE CAMACHO
518,HUNT'S
519,BEORGANICS
520,ISOLA BIO
521,BOB'S RED MILL
522,PROVENZAL
523,BORNIER
524,PALMIPASTA
525,SUK
526,SNYDERS
527,MI PLANTA MORRÓN
528,EGGLESS
529,PASSAGE FOODS
530,LOCOS POR EL ASADO
531,SCHWARTAU
532,PALMIRICE
533,IMPERATORE
534,FRUTAS Y VERDURAS PROPIAS
535,FRUTAS Y VERDURAS SANTA ISABEL
536,TRIBU
537,AGROSANO
538,DOLE
539,GERMALIMP
540,EMPORIA NUTS
541,GRANEL
542,AL VACÍO
543,AMERICANO
544,BORDÓN
545,COOK & FUN
546,LEBON
547,ESTADOS UNIDOS
548,TAK
549,MARFRIG
550,SUPERIOR
551,NOVA
552,HOME CARE
553,CONFORT
554,SWAN
555,ABOLENGO
556,FUZOL
557,CLOROX
558,CIF
559,ACE
560,FAVORITA
561,OMO
562,CLORINDA
563,COPIHUE
564,SCOTT
565,IGENIX
566,RINSO
567,VIRUTEX
568,POETT
569,IMPEKE
570,LYSOFORM
571,DOWNY
572,FIBRO
573,MAXIMA
574,VIRGINIA
575,GLASSEX
576,HARPIC
577,MAGISTRAL
578,POPEYE
579,SOFT
580,ARIEL
581,ANDES
582,EXCELL
583,PATO PURIFIC
584,GRAN COPIHUE
585,BIOFRESCURA
586,MANLAC
587,LUMINOSA
588,VANISH
589,QUIX
590,PUERTO VARAS
591,COMFORT
592,BRILLINA VIRGINIA
593,WYN
594,MR. MÚSCULO
595,LYSOL
596,ALEX
597,DRIVE
598,AROM
599,AIR WICK
600,GRAN ANDES
601,SUN
602,RAID
603,BASULIP
604,KILLER
605,NUGGET
606,SANTA LUCIA
607,D-WIPES
608,SANYTOL
609,DAWN
610,MR MUSCULO
611,VILEDA
612,BOLSAS REUTILIZABLES
613,KH-7
614,SCOTCH BRITE
615,SPONTEX
616,CENCOSUD
617,FROSCH
618,COCA-COLA
619,SPRITE
620,BENEDICTINO
621,CACHANTUN
622,FANTA
623,PEPSI
624,VITAL
625,AQUARIUS
626,MAS
627,DEL VALLE
628,KEM
629,LIMÓN SODA
630,GATORADE
631,BILZ
632,PAP
633,NORDIC MIST
634,CANADA DRY
635,MONSTER
636,ZUKO
637,RED BULL
638,7UP
639,INKA KOLA
640,LIPTON
641,SPRITE ZERO
642,ORANGE CRUSH
643,POWERADE
644,MR. BIG
645,SPRIM
646,KEM XTREME
647,SUEROX
648,YUZ
649,LIMON SODA LIGHT
650,FANTA ZERO
651,FRUGO
652,CANADA DRY ZERO
653,OKF
654,IMPERDIBILE
655,CITRIC
656,BURBUJÍN
657,DR. PEPPER
658,ANDINA
659,PONY MALTA
660,KAPO
661,PUYEHUE
662,AFE
663,KOMBUCHACHA
664,HOLA HOSAN
665,BLESS
666,FENTIMANS
667,INCA KOLA
668,HOMEMAKER
669,LOVE LEMON
670,BILZ ZERO
671,GUARANÁ
672,PAP ZERO
673,NATURAL MAQUI
674,CRUSH LIGHT
675,CRUSH
676,SOFRUCO
677,DON SIMON
678,EVIAN
679,IRONADE
680,NA
681,WATERWIPES
682,BABY MUM MUM
683,ZEUKID
684,SMILEY KIDS
685,BIO BABY
686,D' HIPOGLÓS
687,BATITU
688,SIMILAC
689,JOHNSON
690,ENSURE
691,NAN
692,GOODNITES
693,PEDIASURE
694,L'ORÉAL KIDS
695,GERBER
696,AMMEN
697,PIGEON
698,BABY SOLUTIONS
699,WELEDA
700,PROMAM
701,NESSUCAR
702,AVENT
703,AVENGERS
704,PARA MI BEBÉ
705,JOHNSON'S BABY
706,MUSTELA
707,BAMBINO
708,NUK
709,ARDO
710,GLUCERNA
711,FROZEN
712,MAM
713,BABELITO
714,DESITIN
715,NENEGLÓSS
716,NARIKLIN
717,LANSINOH
718,MULTI-MAM
719,ORGANYC
720,ALL OUT
721,HEVEA
722,P. SAN MARTÍN
723,BETER
724,OSHEE
725,BABYGANICS
726,SPESIALISIMO
727,BEPANTHOL
728,EAU MY LLAMA
729,MEGA
730,FRANUI
731,BEYOND MEAT
732,ALIMENTOS SHEN
733,MOLLENDO
734,VEGE STYLE
735,A PUNTO
736,SOUTH WIND
737,CUK
738,YOGEN FRÜZ
739,PALETTAS
740,PROCARNE
741,MYCOBITES
742,GARDEIN
743,ACAI
744,HÄAGEN DAZS
745,SABORES SIN CULPA
746,GREEN ICE
747,CAMPO VERDE
748,EMPORIO LA ROSA
749,PROTEIN ICE
750,POW! FOODS
751,ARTISAN
752,MARVEST
753,LIVE GREEN
754,MEATLESS
755,ZENZERO
756,CHOCORISIMO
757,HUNGRY PETER
758,NESTLÉ EL MANJAR
759,FORNO MINAS
760,BEN & JERRY'S
761,SINOMIE
762,ANHELADO
763,ALPHAFOOD
764,LIGHTLIFE
765,EDWARDS
766,CARTE D´OR
767,FREDDO
768,DAIYA
769,CAPITAL BLEND
770,BIANCOLATTE
771,TALENTI
772,CREAMLAB
773,KITCHEN & LOVE
774,MEADOW GOLD
775,HALO TOP
776,MILKA
777,NESCAFÉ
778,DOS EN UNO
779,PILLOWS
780,DILMAH
781,TWININGS
782,DOLCE GUSTO
783,CALAF
784,ECOVIDA
785,MANI KING
786,NUTELLA
787,CHOCAPIC
788,VICENZI CHAMPAGNE
789,GOLD
790,NATUR
791,FITNESS
792,CRUZEIRO
793,GRIESSON DUO
794,KUPIEC
795,CORN FLAKES
796,GULLÓN
797,CEREAL BAR
798,KELLOGG'S
799,TRIX
800,JUAN VALDEZ
801,HEIDEKEKS
802,KARINA
803,DELICIOSA
804,AGUA DE PIEDRA
805,CAFÉ D' AROMA
806,HAITI
807,SNICKERS
808,NAT CRACKERS
809,RICECRISPS
810,LAGUITO
811,ALUSWEET
812,MERELLO
813,MARLEY
814,GUSTINO
815,STARBUCKS
816,ORBIT
817,YOUR
818,ORLY
819,SOUL BAR
820,COFFE-MATE
821,CUA CUA
822,ENGLISH TEA SHOP
823,GOTTENA
824,NATURE VALLEY
825,M&M'S
826,HERSHEY'S
827,IZKOL
828,IANSA CERO K
829,AFTER EIGHT
830,MARLEY COFFEE
831,NATURALIST
832,ECCO
833,SKITTLES
834,ST DALFOUR
835,CEREALITAS
836,MONTERREY
837,CAPRI
838,VICENCI GRISBI
839,VALOR
840,KINDER
841,KELLOGGS
842,LA VIEJA FÁBRICA
843,ECKART
844,RIGOCHOC ARCOR
845,FINI
846,BICENTURY
847,QI-POP
848,ESTRELLITAS
849,JACOBS
850,LAMBERTZ
851,CHINA TE VERDE
852,SANISSIMO
853,FERRERO ROCHER
854,DULCONO ROMA
855,LINDT
856,MELITTA
857,ZENTIS
858,VIOLA
859,DAILY SWEET
860,STASH
861,COCALAN
862,QUILVO
863,BISCOFF
864,BENLIAN
865,BONNE MAMAN
866,TRIDENT
867,AKBAR
868,GULLON
869,GROSSO
870,RITTER SPORT
871,FERRERO
872,CAVENDISH & HARVEY
873,ALEJANDRIA
874,TAGATESSE
875,CORNY FREE
876,JARDÍN DE LOS ANDES
877,MERBA
878,KRÜGER
879,ENSURE ADVANCE
880,PLAYADITO
881,TOBLERONE
882,HEIDI
883,SANTIVERI
884,SNACK ADVENTURE
885,SAN LORENZO
886,CARIBE
887,WERTHER´S
888,SAROTTI
889,PACARI
890,POPPIES
891,FIBER ONE
892,VICENZI
893,TÍA LÍA
894,ZUCOSOS
895,LAVAZZA
896,TIFANY
897,DE MI CAMPO
898,CACHET
899,COLMENARES
900,SPLENDA
901,GUYLIAN
902,VOORTMAN
903,DENTYNE
904,PANALES DEL SUR
905,ROSAMONTE
906,BUBBLE TAPE
907,D`AROMA
908,TROLLI
909,TAGA SWEET
910,VITALISIMO
911,SCHOGETTEN
912,NUSCO
913,BESHOS
914,ORJAS
915,PUCARÁ
916,NAKD
917,SUPER 8
918,HARIBO
919,TRITON
920,CUETARA
921,TWENTY´S
922,TERRA ANDES
923,VIVIANNE
924,MANFREY
925,ROYAL DANSK
926,GALLO
927,TRAPENSE
928,BERGGOLD
929,CLUB
930,DELICADO
931,NUTRA FOOD
932,GAROTO
933,HANUTA
934,BIG TIME
935,TCHIBO
936,ENTRELAGOS
937,GRIESSON
938,RITTER
939,BE COOKIES
940,RICOLA
941,D' STEVIA
942,MUIBON
943,BE SNACKS
944,PLAYA VENADO
945,MILKY WAY
946,MOTHER'S MAID
947,VOYAGE
948,BARONIE
949,KIMBO
950,ROCKY MOUNTAIN
951,PAVESI
952,SANIITO
953,ALTERNATIVE
954,MAJAMI
955,PRANA ON
956,HAVANNA
957,ECOMIL
958,APOQUINDO
959,FRANKONIA
960,MAÑANITA
961,MORELLI
962,VILLARS
963,BIO ZENTRALE
964,MUST
965,TIPTREE
966,CAREZZA
967,GHIRARDELLI
968,WALKERS
969,MIAMI BITES
970,CHOKITA
971,CACHAMATE
972,CBSÉ
973,HELIOS
974,QRUNCHIES
975,ILLY
976,TWIX
977,RUF
978,JULES DESTROOPER
979,SANTIAGO
980,TARAGÜI
981,MANTECOL
982,FLOPI
983,HONESTA
984,MOROCHA
985,ROCKLETS
986,CEREAL MIX
987,SPRING POP
988,AMOS
989,MELIMEL
990,ARROCITAS
991,CORNY
992,THOMAS
993,CAFFESSO
994,DALLMAYR
995,BRITT
996,AMANDA
997,SOYMILKE
998,CHINO
999,TIC TAC
1000,MENTOS
1001,MESONOT
1002,TODDY
1003,CLAIR DE LUNE
1004,MÖVENPICK
1005,CORSINI
1006,LA SELVA
1007,URSUS TROTTER
1008,TIVOLI
1009,HOREB
1010,ANDEAN VALLEY
1011,BUTTERFLY BRAND
1012,CORNY ENERGY
1013,ALTERNATURAL
1014,CHOCOFUN
1015,CORONILLA
1016,JACQUOT
1017,STORCK
1018,VILLA BAVIERA
1019,MANSILLA
1020,UNDERFIVE
1021,HUERTOS DEL LAGO
1022,MEMORABLE
1023,STARBURST
1024,AHMAD
1025,BEAR
1026,COLOMBINA
1027,SWISS MISS
1028,LHERITIER
1029,KIT KAT
1030,MAUXION
1031,TIM TAM
1032,SANTA OBLEA
1033,BOCCIA
1034,ROLAND
1035,EL LOBO
1036,TEEKENNE
1037,TRUMPF
1038,LA BOTICA DEL ALMA
1039,PUSH POP
1040,HEALTHY
1041,TEEKANNE
1042,PIRULIN
1043,TRUFFETTES
1044,GICOPA
1045,QUICKBURY
1046,KENT
1047,BELGIAN
1048,EL ALMENDRO
1049,NIEDEREGGER
1050,DE PAULINE
1051,DOÑA JIMENA
1052,NERDS
1053,PFANNER
1054,B-JAPI
1055,GOUDELIERS
1056,CÁSCARA FOODS
1057,DR. OETKER
1058,CABRALES
1059,DBT'S SABORES
1060,HAG
1061,KELSEN
1062,MAOAM
1063,GRANA
1064,TAVELLI
1065,GAVOTTES
1066,COTOSAN
1067,PHB
1068,HANSAPLAST
1069,BIOHERAPY
1070,VASELINE
1071,HIDROFUGAL
1072,BATISTE
1073,CAPILATIS
1074,BOP
1075,NATRACARE
1076,NATURALOE
1077,CLEAR
1078,NATUR VITAL
1079,HASK
1080,L'ORÉAL
1081,VITIS
1082,CANTU
1083,RITZY MASH
1084,PLAYTEX
1085,LACTOVIT
1086,DENTWELL
1087,KATIVA
1088,ARGAN DE LUXE
1089,COREGA
1090,SECRET
1091,BARZELATTO
1092,VOGUE
1093,FITTIG
1094,BABARIA
1095,FREEMET
1096,TANGLE TEEZER
1097,JOHN FRIEDA
1098,OGX
1099,TRIM
1100,BIOBRUSH
1101,YES!
1102,WELLA
1103,BISECURE
1104,ORALGENE
1105,CALA
1106,FASHY
1107,BURT`S BEES
1108,KISS
1109,THERMICA
1110,ORGANIC SHOP
1111,BACTERION
1112,REVLON
1113,JUST FOR MEN
1114,TREE HUT
1115,LOMECAN
1116,MUM
1117,LIP ICE
1118,SURYA
1119,BIORÉ
1120,IVORY
1121,SPLAT
1122,DEO PIES
1123,OREMEDIES
1124,VAGISIL
1125,MONIX
1126,NEXCARE
1127,ABIGAL
1128,BGH
1129,SUBLIME BRONZE
1130,WILLIAMS
1131,CONDOR
1132,SCUNCI
1133,NATURA SIBERICA
1134,HAWAIIAN TROPIC
1135,IMAGISPA
1136,EUCERIN
1137,BRUT
1138,GATSBY
1139,FABOPAL
1140,COLORPLEX
1141,MUNDIAL
1142,LOOKWELL
1143,GOODY
1144,PLANETA ORGÁNICA
1145,ORASTAR
1146,FLASH
1147,COESAM
1148,RIZZO
1149,FLAÑO
1150,ETIENNE
1151,BIOKAP
1152,OLAY
1153,STELLA ARTOIS
1154,CORONA
1155,COORS
1156,KUNSTMANN
1157,SOL
1158,RAMAZZOTTI
1159,CUSQUEÑA
1160,ALTO DEL CARMEN
1161,VIÑAMAR
1162,HEINEKEN
1163,VIÑA MIGUEL TORRES
1164,MULAS
1165,UNDURRAGA
1166,PATAGONIA
1167,AUSTRAL
1168,CONCHA Y TORO
1169,STONES
1170,MISTRAL
1171,APEROL
1172,INDOMITA
1173,SANTA RITA
1174,CAMPANARIO
1175,EMILIANA
1176,BUDWEISER
1177,DOÑA DOMINGA
1178,KILÓMETRO 24.7
1179,AMARANTA
1180,MISIONES DE RENGO
1181,VALDIVIESO
1182,CASILLERO DEL DIABLO
1183,TORO DE PIEDRA
1184,BODEGA UNO
1185,SABOR ANDINO
1186,JACK DANIEL'S
1187,JOHNNIE WALKER
1188,VIÑA CASA SILVA
1189,LA PIZKA
1190,VENTISQUERO
1191,GATO
1192,SANTA HELENA
1193,CARMEN
1194,MAHOU
1195,PRIMA
1196,TARAPACA
1197,VIÑA INDOMITA
1198,MILLER
1199,HORCÓN QUEMADO
1200,KROSS
1201,SCHÖFFERHOFER
1202,LEFFE
1203,CHIVAS REGAL
1204,CASTILLO DE MOLINA
1205,MIGUEL TORRES
1206,ESCUDO
1207,MITJANS
1208,RICCADONNA
1209,CRISTAL
1210,SANTA EMA
1211,VIÑA SANTA RITA
1212,VIU MANENT
1213,BRANCA
1214,OVEJA NEGRA
1215,JÄGERMEISTER
1216,ABSOLUT
1217,DISARONNO
1218,ESTRELLA DEL ELQUI
1219,KANTAL
1220,ROYAL GUARD
1221,BECKER
1222,BAILEYS
1223,VFA
1224,GOOSE ISLAND
1225,ARAUCANO
1226,ALIWEN
1227,SPIRIT
1228,VIÑA UNDURRAGA
1229,OPERA PRIMA
1230,SOMBRERO NEGRO
1231,COPAHUE
1232,BACARDI
1233,VIÑA CASTILLO DE MOLINA
1234,SINZERO
1235,TANQUERAY
1236,MARQUES DE CASA CONCHA
1237,DOLBEK
1238,SAN SIMÓN
1239,HENDRICK'S
1240,LOVELY RITA
1241,VIÑA ESPALDARES DEL MAIPO
1242,SIERRA MORENA
1243,GLENFIDDICH
1244,OLMECA
1245,MICHELOB
1246,BALLANTINE'S
1247,FRONTERA
1248,STOLICHNAYA
1249,GULDEN DRAAK
1250,SENSUS
1251,KONIGSBACHER
1252,CONO SUR
1253,VIÑA MORANDÉ
1254,OETTINGER
1255,VIÑA CASAS DEL BOSQUE
1256,EL GOBERNADOR
1257,THE GLENLIVET
1258,BITBURGER
1259,CAPEL
1260,PERONI
1261,SECRETO PERUANO
1262,3 HORSES
1263,MAL PASO
1264,CACIQUE
1265,OLD PARR
1266,CALITERRA
1267,REKORDERLIG
1268,M. TORRES
1269,VIÑA CARMEN
1270,SHERIDAN' S
1271,JP CHENET
1272,VIIKING
1273,BOMBAY
1274,WASSKA
1275,VIÑA SAN PEDRO
1276,MAYADOR
1277,MECKLENBURGER
1278,ERISTOFF
1279,JOSE CUERVO
1280,ST-GERMAIN
1281,TRES ERRES
1282,ARTESANOS DEL COCHIGUAZ
1283,ESPÍRITU DE LOS ANDES
1284,VIÑA VENTISQUERO
1285,JAMESON
1286,PILSEN DEL SUR
1287,PAULANER
1288,FRESITA
1289,GRANT'S
1290,FEHRENBERG
1291,CHANDON
1292,HAVANA CLUB
1293,CLAUSTHALER
1294,TULLAMORE
1295,FRANGELICO
1296,AMBASSADOR
1297,ROYAL DUTCH
1298,ROSSARD
1299,ANGOSTURA
1300,VIÑA CASAS PATRONALES
1301,MONTES
1302,BENEDIKTINER
1303,CABERNARIO
1304,SANDY MAC
1305,DE MARTINO
1306,FRANZISKANER
1307,FIREBALL
1308,JIM BEAM
1309,VIÑA SANTA HELENA
1310,ERDINGER
1311,AC/DC
1312,BLENDER S
1313,HERTOG JAN
1314,FLENSBURGER
1315,CENTENARIO
1316,MALIBU
1317,TAGUA TAGUA
1318,LA PROVENCE
1319,THE GUILIGAN´S DISTINGUISHED
1320,VIÑA BISQUERTT
1321,ALSKA
1322,MATETIC
1323,LANDVIK
1324,DRAMBUIE
1325,BALDUZZI
1326,PICCINI
1327,GREY GOOSE
1328,LOLA
1329,TROOPER
1330,CASAS PATRONALES
1331,SANTA CAROLINA
1332,DIABLO
1333,BARCELÓ
1334,S DIGNA
1335,CINZANO
1336,TRES PALOS
1337,BLENDERS HONEY
1338,THE LONDON N°1
1339,MALFY
1340,SMIRNOFF
1341,MAQUIS
1342,HACIENDA LA TORRE
1343,VIÑA SANTA EMA
1344,FESTILLANT
1345,YELCHO
1346,CORDILLERA
1347,VIÑA SANTA CAROLINA
1348,VIÑA ARESTI
1349,1865
1350,56
1351,VIÑA ERRÁZURIZ
1352,VIÑA SOL DE CHILE
1353,VIÑA LAPOSTOLLE
1354,HARD FRESH
1355,BULLDOG
1356,DIAMANTE
1357,SOMETHING SPECIAL
1358,TABERNERO
1359,VIÑA SANTA CRUZ
1360,PORTA
1361,MESTRA
1362,SIERRA BLANCO
1363,ST. REMY
1364,VIÑA TARAPACÁ
1365,CABALLO LOCO
1366,BESTIA
1367,VOLCANES DEL SUR
1368,OUTCIDER
1369,1888
1370,CAROLANS
1371,LÖRCH
1372,KULMBACHER
1373,J. BOUCHON
1374,VIÑA VON SIEBENTHAL
1375,BUCHANAN'S
1376,MISIÓN
1377,GO BARMAN
1378,THE GLENFIDDICH
1379,CORNISH
1380,ICEBERG
1381,VIÑA J. BOUCHON
1382,VIÑA COUSIÑO MACUL
1383,MADDERO
1384,JIMADOR
1385,NVY
1386,ASAHI
1387,FREIXENET
1388,MANQUEHUITO
1389,WAGAR
1390,WHITE HORSE
1391,TABALÍ
1392,LOS BOLDOS
1393,GROLSCH
1394,KAHLUA
1395,CABO VIEJO
1396,APALTAGUA
1397,DUVAL
1398,100 PIPERS
1399,VIÑEDOS ERRÁZURIZ OVALLE
1400,PAMPERO
1401,JOHN JACKSON
1402,35 SUR
1403,WILD TURKEY
1404,CALLIA DULCE
1405,ROMEO Y GIULIETTA
1406,7 COLORES
1407,AMARULA
1408,CALCU
1409,SANTA DIGNA
1410,KALFU MOLU
1411,STORTEBEKER
1412,BARSOL
1413,FUNDO LOS NICHOS
1414,CYGAN
1415,CASAS DEL BOSQUE
1416,VIÑA LEYDA
1417,VIÑA GRACIA DE CHILE
1418,MYLA
1419,REPUBLICANO
1420,TERRANOBLE
1421,VIK
1422,TERRA ANDINA
1423,GUAYACÁN
1424,SAN PEDRO
1425,OLE SMOKY
1426,STELLAR- ICE
1427,MOMENTUM
1428,LORCH
1429,VIÑA SUR ANDINO
1430,INNIS & GUNN
1431,CLOS DE PIRQUE
1432,BULLEIT
1433,CARPINTERO NEGRO
1434,BOOLTON
1435,GREENS
1436,VIÑA AMAYNA
1437,120
1438,BOLS
1439,GORDON´S
1440,FLOR DE CAÑA
1441,VIÑA BODEGA UNO
1442,LA SERENA
1443,GUNPOWDER
1444,TARAPACÁ
1445,SANTA MARGARITA
1446,DE ORO
1447,BAUZÁ
1448,GENOJESE
1449,MONTGRAS
1450,ROYAL SALUTE
1451,VERAMONTE
1452,SAGRADO CORAZÓN
1453,SPRITZ
1454,DAMM
1455,LUXARDO
1456,LA REPÚBLICA
1457,CONTROL
1458,SIERRA NEVADA
1459,DR. LEMON
1460,COOPERS
1461,MIOVINO
1462,DI MARTINO
1463,CASA LAPOSTOLLE
1464,PETIRROJO
1465,DEL PUERTO
1466,RUTA COCKTAIL
1467,CELEBRITY
1468,VIÑA PORTA
1469,CASA SILVA
1470,MARIE BRIZARD
1471,DUVEL
1472,BRUJAS DE SALAMANCA
1473,J&B
1474,CATEDRAL
1475,ZACAPA
1476,LA MONTAÑA
1477,ALTAIR
1478,CELEBRITE
1479,GALLIANO
1480,FERNET
1481,CAVA
1482,CASA RIVAS
1483,KRIEK
1484,DON MATÍAS
1485,FULLERS
1486,ANTIOQUEÑO
1487,ALAMO
1488,MONTE FRAILE
1489,VIÑA URMENETA
1490,ZALAMERO
1491,CASA BAUZÁ
1492,ESCUDO SILVER
1493,CASTILLO SAN SIMÓN
1494,CASA PATRONALES
1495,FERREIRA
1496,MOMBASA
1497,KAPPA
1498,VIÑA ODFJELL
1499,LA CAUSA
1500,VIÑA CHOCALAN
1501,VODKA PL
1502,BLACK HERON
1503,TRES PLUMAS
1504,MATUSALEM
1505,ECLAT
1506,VALLE LUNA
1507,CLOUDEM
1508,EPICA
1509,VIÑA MAYCAS DEL LIMARÍ
1510,103
1511,BÁLTICA
1512,BOU
1513,GLEN TURNER
1514,ROCA DEL FORTI
1515,DOLIN
1516,TOLOLO
1517,LORDSON
1518,EVAN WILLIAMS
1519,PEHUENIA
1520,PADERBORNER
1521,SIEGEL
1522,PORTILLO
1523,BLANC
1524,THE BOTANIST
1525,LA MARINA
1526,COUSIÑO MACUL
1527,ARESTI
1528,ABUELO
1529,TERRAPURA
1530,DELIRIUM
1531,KOYLE
1532,PIERNAS LARGAS
1533,VIÑA CREMASCHI FURLOTTI
1534,VIÑA DOÑA PAULA
1535,HENNESSY
1536,PRIMA DE MARTINO
1537,AMARAL
1538,PFAFFMANN
1539,LICHER
1540,PANUL
1541,LA CHOUFFE
1542,COPPERLAN
1543,GRAND MARNIER
1544,KÖSTRITZER
1545,VIÑA CASA DONOSO
1546,VIÑA CALITERRA
1547,DIAGUITAS
1548,ARMADOR
1549,DARGUNER
1550,TORREON DE PAREDES
1551,BEEFEATER
1552,MINI HOGAR
1553,QUINTAY
1554,MARTELL
1555,LA HACIENDA
1556,CREMASCHI FURLOTTI
1557,NERO
1558,ANTAÑO
1559,SKYY
1560,WYBOROWA
1561,SUTIL
1562,QUINTAL
1563,VIÑA KAIKEN
1564,EL TRAPICHE
1565,TAMAY
1566,OPHIR
1567,LA ROSA
1568,CHIMAY
1569,PRASSUNUNGA
1570,GULDEN BREWMASTER
1571,PL
1572,MIDNIGHT
1573,VIÑA MARCHIGÜE
1574,ABA DRINK
1575,VIRREY DEL PERÚ
1576,TRAKAL
1577,BROOKLYN
1578,VAT 69
1579,VIÑA CASA MARIN
1580,ESCUDO ROJO
1581,LA PRESUMIDA
1582,SALZBURG
1583,UNDERBERG
1584,MAREDSOUS
1585,VIÑA CASA BLANCA
1586,SIERRA
1587,VIÑA WILLIAM FEVRE
1588,TIERRUCA
1589,MAYOR DE CASTILLA
1590,MISIA ROSARIO
1591,DITHMARSCHER
1592,VIÑA ARBOLEDA
1593,CAZADORES
1594,USTINOV
1595,DOÑA PAULA
1596,CARLOS I
1597,NOMADE
1598,SAN JOSE DE APALTA
1599,RÉMY MARTIN
1600,CODORNIU
1601,ALHAMBRA
1602,VIÑA TERRA ANDINA
1603,BREWDOG
1604,MUMM
1605,PENÍNSULA
1606,LILLET
1607,ESPÍRITU DE CHILE
1608,VIÑA VALLE SECRETO
1609,VIÑA LOMAS DEL VALLE
1610,TUBINGER
1611,CASA REAL
1612,HAYMAYS
1613,VIÑA SALENTEIN
1614,LA PLAYA
1615,TORETO
1616,WINEMODE
1617,WESTMALLE
1618,CHEVRITA
1619,CHINCHON
1620,SIR EDWARDS
1621,ST LOUIS
1622,MONASTERE
1623,SOBERANO
1624,VIÑA LOS VASCOS
1625,TATIE
1626,ANCHOR
1627,VIÑA LOMA LARGA
1628,VIÑA LONCOTORO
1629,KÖNIG
1630,VIÑA LA ROSA
1631,PICHILEMU
1632,COASTAL
1633,CASAS DEL TOQUI
1634,WARSTEINER
1635,DOÑIHUE
1636,STAROPRAMEN
1637,INSITU
1638,SCHORSHWEIZEN
1639,LUIS FELIPE EDWARDS
1640,ACHTERN DIEK
1641,VIÑA CASA RIVAS
1642,VIÑA LA HACIENDA
1643,IMPORTADO JUMBO
1644,VICHUQUEN
1645,VIÑA ESTAMPA
1646,SCHWADERER
1647,NEYEN
1648,PUNTI FERRER
1649,LAS VELETAS
1650,KILKENNY
1651,TÜBINGER
1652,MALA FAMA
1653,PUERTO SUR
1654,SOPROLE QUILQUE
1655,SOPROLE ZEROLACTO
1656,JUMBO ARTESANAL
1657,PESCADERÍA JUMBO
1658,BLUE STAR
1659,CONGELADOS PREMIUM
1660,AQUA AUSTRAL
1661,ENTRE RÍOS
1662,CHAMPMAR
1663,ALIMEX
1664,AGROSUPER
1665,VON FACH
1666,BOCATTI
1667,CHEF VITTÓ
1668,SEAFOOD
1669,DEGUSTAR
1670,JUMBO READY!
1671,DAILY FRESH
1672,EMPORIO SÁTIRA
1673,HOLZ
1674,CAMPO FERNÁNDEZ
1675,DE LA CASA
1676,LA SALTEÑA
1677,MISIA LOLO
1678,BABAR
1679,CURACARIBS
1680,GARCÍA BAQUERO
1681,FRO ZEN
1682,HENGSTENBERG
1683,SACLA
1684,ETRE BIEN
1685,MESA LISTA
1686,MICKELSEN
1687,VIÑA PÉREZ CRUZ
1688,APÓSTOLES
1689,ZENORGANICS
1690,BUONOCOSÍ
1691,HEITMANN
1692,NATURE´S HEART
1693,CELEBRACIONES ELY
1694,GHALI
1695,BERIEF
1696,ECOTERRA
1697,NUTRILEZA
1698,ALMENDROLA
1699,LAS HUALTATAS
1700,COCONUT DREAM
1701,SEEBERGER
1702,WAKAS
1703,RISO SCOTTI
1704,SIGNORE MARIO
1705,LONDA
1706,YOGUSTART
1707,BEEGAN
1708,POLIBOY
1709,CLEARSPRING
1710,BE ORGANICS
1711,MASAS Y DELICIAS
1712,LA FERMENTISTA
1713,GUTE BROT
1714,DR KOMBU
1715,REAL THAI
1716,CHERKY
1717,DULCE LOCURA
1718,SCHAR
1719,NATRUE
1720,SAN IGNACIO
1721,CHIFLETON
1722,LIVINGJUICE
1723,SAN BENEDETTO
1724,SIMPLY 7
1725,MY FOODS
1726,DIJON
1727,VIVICOSI
1728,CHOKKO
1729,APÍCOLA DEL ALBA
1730,VEGMONKEY
1731,SOW
1732,OLAVE
1733,BEOX
1734,A DE COCO
1735,AMANDIN
1736,DAGOAT
1737,TAMAYA
1738,INVERNI
1739,FRENCH
1740,MCCORMICK
1741,INTAKT SNACKS
1742,VALLE LAS CHILCAS
1743,WILLIWAW SALMON CRACKLET
1744,PURELY INSPIRED
1745,MAQUI
1746,NATIVFORLIFE
1747,UNI-KO
1748,NOT GUILTY
1749,CLIPPER
1750,1880
1751,BULL DOG
1752,FOAMIE
1753,PETAL FRESH
1754,RECETAS DE BABUSHKA
1755,MUNANI
1756,ENVUELBEE
1757,JANNIS
1758,PENGUIN RANDOM HOUSE
1759,ASINOLAT
1760,NATUGO
1761,SPORTLAB
1762,JAZAI
1763,LOS NIETITOS
1764,CARPE BIO
1765,PRIMAL FOODS
1766,TERRIUM
1767,SUNVIT LIFE
1768,GUAYAKI
1769,ALUFOIL
1770,ZIPLOC
1771,ALUPLAST
1772,BRITA
1773,FACILITA
1774,KEEP
1775,JULIA
1776,CUMPLEAÑOS ELY
1777,ILKO
1778,CANNON
1779,EUROFOIL
1780,LUMINARC
1781,KEEP KIDO
1782,RUBBERMAID
1783,PALMS
1784,EUROPLAS
1785,KRONS
1786,TITANIO
1787,ADETEC
1788,VERSALLES
1789,GLASSO
1790,CRISTAR
1791,JUMBO NACIONAL
1792,I AM NOT PLASTIC
1793,WAYU
1794,THERMOS
1795,ALINSA
1796,TRAMONTINA
1797,MARINEX
1798,GLASSLOCK
1799,ALUPAPER
1800,SANTA MARINA
1801,VAND
1802,PRONOBEL
1803,ALLEGRA
1804,DUMONT
1805,NUEVO HOGAR
1806,LUPE
1807,LIBBEY
1808,MAGLA
1809,ECCLEFIELD
1810,TEFAL
1811,BERGNER
1812,T-FAL
1813,DYNAMIC
1814,MARMICOC
1815,GOODCOOK TOUCH
1816,JOIA
1817,CLÁSICA
1818,ROYAL LEERDAM
1819,GIOS
1820,LICENCIAS
1821,RAFAELLO
1822,JOE'S
1823,JOE´S
1824,WENS
1825,HUMMO
1826,OU
1827,DARK FIRE
1828,STANZZA
1829,KITCHENWARE
1830,NANCY ECCLEFIELD
1831,HP
1832,SIEGEN
1833,GAMA
1834,FIDDLER
1835,GREEN E
1836,LOGITECH
1837,GENIUS
1838,MACROTEL
1839,THORBEN
1840,KENSINGTON
1841,SONY
1842,SANDISK
1843,MASTER G
1844,LVLUP
1845,MOTOROLA
1846,BLIK
1847,VIVITAR
1848,MLAB
1849,PHILCO
1850,EPSON
1851,CALMA
1852,MOULINEX
1853,BROTHER
1854,VEEDEN
1855,ALTEC LANSING
1856,AMAZING
1857,SLEVE
1858,DOITE
1859,RADOST
1860,DRIBBLING
1861,NEW SENSEI
1862,DRB
1863,BIANCHI
1864,HYDRO
1865,BELL
1866,SUFIX
1867,HEAD
1868,CABO-SUB
1869,PRIME
1870,HOT WHEELS
1871,PLAY-DOH
1872,CARS
1873,PAW PATROL
1874,BARBIE
1875,BEYBLADE
1876,HASBRO
1877,MINIONS
1878,POKÉMON
1879,FISHER PRICE
1880,POLLY POCKET
1881,MATCHBOX
1882,MATTEL
1883,LEGO
1884,TOY STORY
1885,SR. CARA DE PAPA
1886,HASBRO GAMING
1887,MI DUENDE MÁGICO
1888,STAR WARS
1889,ANSALDO
1890,BLUE
1891,DISNEY
1892,JUEGOS ASTURIAS
1893,JURASSIC WORLD
1894,IMP. JUGUETES
1895,PEPPA PIG
1896,PLAYFUN
1897,NERF
1898,JUEGOS HASBRO
1899,ASTURIAS Y ARAGÓN
1900,SPIDERMAN
1901,ENCHANTIMALS
1902,LOL
1903,MONOPOLY
1904,TRANSFORMERS
1905,MAGNETICS
1906,MARVEL
1907,DC COMICS
1908,INTEK
1909,FURREAL FRIENDS
1910,TOYNG
1911,MAJORETTE
1912,BABY ALIVE
1913,MY LITTLE PONY
1914,SLIME
1915,CANAL TOYS
1916,RATONCITOS DULCES SUEÑOS
1917,BATMAN
1918,MONSTER JAM
1919,JUEGOS SKYSHIP
1920,SEÑOR CARA DE PAPA
1921,MICKEY
1922,FUNKO
1923,PRINCESAS
1924,EUREKA
1925,4M
1926,ITALTOYS
1927,CLEMENTONI
1928,CRY BABIES
1929,BABYDOLL
1930,RAINBOW HIGH
1931,PJ MASKS
1932,MEGABLOCKS
1933,PERRO CHOCOLO
1934,WISH-TRADE
1935,MINNIE
1936,FASHION ANGELS
1937,GUAU
1938,HOBBY
1939,BEN 10
1940,LITTLE MOMMY
1941,BABY SHARK
1942,INFANTOYS
1943,CROCODILE
1944,MAKE IT REAL
1945,TIGERHEAD
1946,HANKY PANKY
1947,MKB
1948,CATERPILLAR
1949,WISH TRADE
1950,DULCCITTO
1951,MICKEY & MINNIE
1952,KINETIC SAND
1953,BELLIES
1954,RESCUE BOTS
1955,HOSPITALITY
1956,DISTROLLER
1957,DINO RANCH
1958,DISNEY PRINCESAS
1959,CLUB MAXX
1960,EQUALIT
1961,MARZU
1962,PROARTE
1963,ARTEL
1964,TESA
1965,TORRE
1966,SHARPIE
1967,MAPED
1968,PILOT
1969,COLON
1970,PAX
1971,PAPER MATE
1972,ELMERS
1973,ISOFIT
1974,LIQUID PAPER
1975,FABER-CASTELL
1976,GIOTTO
1977,DAS
1978,STABILO
1979,DATA ZONE
1980,MARKET SELF
1981,ADIX
1982,DEMARKA
1983,POS-IT
1984,RHEIN
1985,TORRE IMAGIA
1986,AUCA
1987,CALIGRAFIX
1988,LIBERTAD
1989,PENTEL
1990,HOLLANDIA
1991,NEOLITE
1992,CONTRAPUNTO
1993,PRITT
1994,SCOTCH
1995,PLANETA
1996,CANSON
1997,FABER
1998,SOHO
1999,INKJOY - PAPER MATE
2000,JOVI
2001,DK
2002,AERO
2003,DIFEM PHARMA
2004,DEYSA CARE
2005,LIFESTYLES
2006,TOTAL VIEW
2007,DIFEM
2008,SKYN
2009,CURAPROX
2010,PRATER
2011,SUNDOWN
2012,BION 3
2013,CENTRUM
2014,TOTAL CARE
2015,EZY DOSE
2016,INTERPROX
2017,BAND-AID
2018,CREVET
2019,HALITA
2020,REDOXON
2021,CEBION
2022,DROGUERÍA
2023,LIFESTYLE
2024,NEWSCIENCE
2025,FLENTS
2026,AQUASOLAR
2027,BACH
2028,HOKKAIRO
2029,ZENMED
2030,XEROS
2031,MULTIMIX
2032,SOLGAR
2033,DRIMWELL
2034,RESPIRA MEJOR
2035,NUTREX
2036,FARMADEL
2037,OMISAN
2038,QUEST
2039,SIXSTAR
2040,SIX STAR
2041,INTEGRAL MEDICAL
2042,ULTIMATE NUTRITION
2043,EXMICROR
2044,MUSCLETECH
2045,NUTRALINE
2046,WELLNESS FACTOR
2047,PHARMATON
2048,GARDEN HOUSE
2049,PROPOLEN
2050,CLEARBLUE
2051,PRODISA
2052,WD-40
2053,ROOTS GARDEN
2054,BTICINO
2055,DUSCHY
2056,COMTEX
2057,HENKEL
2058,CAR FRESHNER
2059,ARMORALL
2060,ODIS
2061,LITTLE JOE
2062,AGOREX
2063,PLASTICAR
2064,ECCOLE
2065,MEGUIARS
2066,VERSACHEM
2067,AREON
2068,KLERAT
2069,CYPERKILL
2070,POWER FORCE
2071,LOCTITE
2072,DR MARCUS
2073,COMMAND
2074,PISCINOL
2075,CARLIFE
2076,SYNGENTA
2077,BAHAMA
2078,ANASAC CONTROL
2079,RACUMIN
2080,SUPAIR DRIVE
2081,TOOL CAR
2082,GOODCAR
2083,DATRAK
2084,SOPROLE PROTEIN+
2085,SOPROLE MANJARATE
2086,SOPROLE GOLD
2087,SOPROLE POSTRES DE LA ABUELA
2088,SOPROLE UNO
2089,SOPROLE BATIFRUT
2090,GALLINA FELIZ
2091,SOPROLE NEXT
2092,LA CASTELLANA
2093,FUTALEUFU
2094,SOPROLE ACTIV
2095,PUERTO OCTAY
2096,HUEVOS DEL GRANERO
2097,BONELLA
2098,SNACK PACK
2099,ELLE & VIRE
2100,DOÑA BLANCA
2101,TINGUIRIRICA
2102,BONTA DIVINA
2103,RUMAY
2104,GRIEGO
2105,SANTA SARA
2106,ORO MAULE
2107,OLIVO DE PLATA
2108,BARILLA
2109,EDRA
2110,TOSTANI
2111,DROPA
2112,CENTAURO
2113,KARDÁMILI
2114,OTUNA
2115,LAS DOSCIENTAS
2116,GLOBE ITALIA
2117,SOL DE ACULEO
2118,VIA DE LA PLATA
2119,PAM
2120,PRIMOR
2121,VERMICELLI
2122,TIRESA
2123,OLIVE & CO.
2124,HIGUERAS
2125,GALLINA BLANCA
2126,CASTA
2127,OCEANICA
2128,LEE KUM KEE
2129,DIVELLA
2130,HUERTO DEL SUR
2131,LA ESPAÑOLA
2132,SPREEWALDHOF
2133,CRISCO
2134,HUY FONG FOODS
2135,CONALES
2136,WAWI
2137,VIDA PLATA
2138,BONDUELLE
2139,MERCADO LOWCARB
2140,MAILLE
2141,RECCIUS
2142,SPECIA
2143,BY MARÍA
2144,BAVARIA
2145,MARBELLA
2146,SAF-INSTANT
2147,LAS CARDAS
2148,FRENCH'S
2149,BLUEDRAGON
2150,CIRIO
2151,HARMLESS
2152,PAN
2153,BETTY CROCKER
2154,LEA & PERRINS
2155,TATITO
2156,LA POTAGERE
2157,KA
2158,YANG'S BRAND
2159,GATOLATE
2160,GOLD LABEL
2161,MC CORMICK
2162,LADY COCONUT
2163,ACT11
2164,ARMBRUSTER
2165,CASTA DE PETEROA
2166,1840
2167,ALWADI
2168,MONTE CRISTO
2169,ALTO CAMPO
2170,SCOTTI
2171,BADIA
2172,GEOMAR
2173,SNACK MIX
2174,OSTMANN
2175,RAZETO
2176,HOLY
2177,DROGHERIA ALIMENTARI
2178,PURA HOJA
2179,FRESH CUT
2180,FRESHCUT
2181,AGROLAM
2182,ECOCULTIVA
2183,VERDE AROMA
2184,JUAN PABLO INFANTE
2185,FUNDO HUELECO
2186,VEGUS
2187,DON CLEMENTE
2188,3F
2189,SURCO
2190,FLORERÍA JUMBO
2191,MÁS VIDA
2192,HOJAS VERDES
2193,ANDES SECRET
2194,POSHI
2195,VEGGY FRESH
2196,FINISH
2197,SOMAT
2198,JEDEN TAG
2199,BIO FRESCURA
2200,BLEM
2201,PERWOLL
2202,DR BECKMANN
2203,HOUSE SOLUTIONS
2204,COLORS OF COCKTAIL
2205,MASTER CLEAN
2206,ATELIER
2207,MR. CLEAN
2208,TIDE
2209,ARM & HAMMER
2210,WINDEX
2211,CASCADE
2212,BOLASECA
2213,LOS ANDES
2214,JUST A DROP
2215,ANTIBAC
2216,BOUNCE
2217,AKO
2218,ANDES HOGAR
2219,YAK
2220,PASO
2221,TUBA
2222,A LA CARTE
2223,RAPAL
2224,NIAGARA
2225,FEBREZE
2226,SILVO
2227,RENUZIT
2228,HOME SWEET HOME
2229,IBERIA
2230,AVANT GARDE
2231,BRASSO
2232,OXICLEAN
2233,SMF
2234,TEZA
2235,DURABAG
2236,DREFT
2237,BRISSY
2238,MI CASA
2239,SPLUM
2240,PERSIL
2241,BOOMJOY
2242,PALC
2243,PRIL
2244,LEIFHEIT
2245,OB7
2246,NONA
2247,EMSAL
2248,INDIMEX
2249,SANITY
2250,IMPREAGNOL
2251,DECUTEC
2252,LA ESTRELLA
2253,REI
2254,BREF
2255,LENOR
2256,BAMBOO
2257,KLIN
2258,ZAETA
2259,DON POLLO
2260,CANTO DEL GALLO
2261,CAMPO NOBLE
2262,CARNICERÍA PROPIA
2263,QUIRCH FOODS
2264,PAMPA VERDE
2265,ORGÁNICO
2266,SIMUNOVIC
2267,CAMPOSORNO
2268,NATURAL
2269,QUATRO ZERO
2270,COCA COLA
2271,FLORIDA'S NATURAL
2272,KEM ZERO
2273,SAN PELLEGRINO
2274,OCEAN SPRAY
2275,VITAMIN WATER
2276,MAS WOMAN
2277,RIZOLA
2278,SORBETE LETELIER
2279,ANDES MOUNTAIN
2280,VOSS
2281,ARIZONA
2282,JUMEX
2283,CAMPBELL'S
2284,SATURNO
2285,JAHUEL
2286,BRITVIC
2287,PERRIER
2288,ACQUA PANNA
2289,REIGN
2290,ALOE VERA
2291,SOLAN DE CABRAS
2292,FIJI
2293,LONDON WIZARD
2294,THOMAS HENRY
2295,HATSU
2296,PORVENIR
2297,POP CANDY
2298,DON LIMÓN
2299,SCHWEPPES
2300,FEVER TREE
2301,GREEN BEATS
2302,MI AGÜITTA
2303,SIDDHARTA
2304,GEROLSTEINER
2305,BBERRI
2306,SAPPÉ
2307,ATOM FRUIT
2308,LOVE WATER
2309,HOHES C
2310,HUNZA
2311,GLACIS
2312,CAÁ YARI
2313,CHIA COOL
2314,FERVER TREE
2315,1724
2316,M BY MORE
2317,ZERENITY
2318,DRINK COOL
2319,DR PEPPER
2320,PEPSI CRUSH
2321,PEPSI BILZ KEM
2322,CRUSH LIMÓN SODA CANADA DRY
2323,IAMS
2324,TRAPER
2325,DOGUITOS
2326,CHURU
2327,DRAG PHARMA
2328,FIT
2329,DENTALIFE
2330,FANCY FEAST
2331,TIDY CATS
2332,ANIMAL PLANET
2333,PUKI
2334,VITAKRAFT
2335,HOME MADE
2336,NATURALISTIC
2337,HUMAN GRADE
2338,DINGO
2339,GOOFY
2340,KIBOO PETS
2341,CANISH
2342,BIL JAC
2343,BIL-JAC
2344,CHAMPION
2345,CANARY SONG
2346,HOLLY VET
2347,PRETTY PETS
2348,MEOW MIX
2349,SAVIC
2350,PETS & FRIENDS
2351,PROFINE
2352,PET FOOD FACTORY
2353,TIDY
2354,MIGHTY
2355,PET STATION
2356,ECO-CAT
2357,MR CHEF
2358,DENTALPLUS
2359,PETSTAGE
2360,PENNPLAX
2361,KONG
2362,ECO TRAPER
2363,SINPUL
2364,TIDY CAT
2365,AFP
2366,FLEXI
2367,KILPUL
2368,AQUAMUNDO
2369,SUAVIPET
2370,FRONTLINE
2371,CLEANVET
2372,TETRA
2373,FIPROKILL
2374,CHARLY
